{
  "top1": 0.758,
  "top3": 0.904,
  "precision": [
    0.7659574468085106,
    0.7321428571428571,
    0.75,
    0.7090909090909091,
    0.7297297297297297,
    0.6153846153846154,
    0.7636363636363637,
    0.7857142857142857,
    0.8571428571428571,
    0.8775510204081632
  ],
  "recall": [
    0.72,
    0.82,
    0.66,
    0.78,
    0.54,
    0.64,
    0.84,
    0.88,
    0.84,
    0.86
  ],
  "f1": [
    0.7422680412371134,
    0.7735849056603774,
    0.7021276595744681,
    0.7428571428571429,
    0.6206896551724138,
    0.6274509803921569,
    0.8,
    0.8301886792452831,
    0.8484848484848485,
    0.8686868686868687
  ],
  "confusion_matrix": [
    [
      36,
      3,
      2,
      1,
      2,
      2,
      2,
      1,
      0,
      1
    ],
    [
      2,
      41,
      0,
      0,
      1,
      2,
      0,
      3,
      1,
      0
    ],
    [
      2,
      3,
      33,
      6,
      1,
      1,
      2,
      0,
      2,
      0
    ],
    [
      1,
      1,
      1,
      39,
      0,
      5,
      2,
      1,
      0,
      0
    ],
    [
      1,
      4,
      0,
      4,
      27,
      8,
      3,
      2,
      1,
      0
    ],
    [
      1,
      2,
      2,
      4,
      2,
      32,
      2,
      1,
      2,
      2
    ],
    [
      3,
      2,
      0,
      0,
      1,
      0,
      42,
      0,
      1,
      1
    ],
    [
      0,
      0,
      2,
      0,
      1,
      1,
      0,
      44,
      0,
      2
    ],
    [
      1,
      0,
      2,
      1,
      1,
      1,
      0,
      2,
      42,
      0
    ],
    [
      0,
      0,
      2,
      0,
      1,
      0,
      2,
      2,
      0,
      43
    ]
  ],
  "inference_times": [
    0.014649733901023865,
    0.014649733901023865,
    0.014649733901023865,
    0.014649733901023865,
    0.014649733901023865,
    0.014649733901023865,
    0.014649733901023865,
    0.014649733901023865,
    0.014649733901023865,
    0.014649733901023865,
    0.014649733901023865,
    0.014649733901023865,
    0.014649733901023865,
    0.014649733901023865,
    0.014649733901023865,
    0.014649733901023865,
    4.8026442527770996e-05,
    4.8026442527770996e-05,
    4.8026442527770996e-05,
    4.8026442527770996e-05,
    4.8026442527770996e-05,
    4.8026442527770996e-05,
    4.8026442527770996e-05,
    4.8026442527770996e-05,
    4.8026442527770996e-05,
    4.8026442527770996e-05,
    4.8026442527770996e-05,
    4.8026442527770996e-05,
    4.8026442527770996e-05,
    4.8026442527770996e-05,
    4.8026442527770996e-05,
    4.8026442527770996e-05,
    2.9712915420532227e-05,
    2.9712915420532227e-05,
    2.9712915420532227e-05,
    2.9712915420532227e-05,
    2.9712915420532227e-05,
    2.9712915420532227e-05,
    2.9712915420532227e-05,
    2.9712915420532227e-05,
    2.9712915420532227e-05,
    2.9712915420532227e-05,
    2.9712915420532227e-05,
    2.9712915420532227e-05,
    2.9712915420532227e-05,
    2.9712915420532227e-05,
    2.9712915420532227e-05,
    2.9712915420532227e-05,
    4.100799560546875e-05,
    4.100799560546875e-05,
    4.100799560546875e-05,
    4.100799560546875e-05,
    4.100799560546875e-05,
    4.100799560546875e-05,
    4.100799560546875e-05,
    4.100799560546875e-05,
    4.100799560546875e-05,
    4.100799560546875e-05,
    4.100799560546875e-05,
    4.100799560546875e-05,
    4.100799560546875e-05,
    4.100799560546875e-05,
    4.100799560546875e-05,
    4.100799560546875e-05,
    3.3155083656311035e-05,
    3.3155083656311035e-05,
    3.3155083656311035e-05,
    3.3155083656311035e-05,
    3.3155083656311035e-05,
    3.3155083656311035e-05,
    3.3155083656311035e-05,
    3.3155083656311035e-05,
    3.3155083656311035e-05,
    3.3155083656311035e-05,
    3.3155083656311035e-05,
    3.3155083656311035e-05,
    3.3155083656311035e-05,
    3.3155083656311035e-05,
    3.3155083656311035e-05,
    3.3155083656311035e-05,
    2.9549002647399902e-05,
    2.9549002647399902e-05,
    2.9549002647399902e-05,
    2.9549002647399902e-05,
    2.9549002647399902e-05,
    2.9549002647399902e-05,
    2.9549002647399902e-05,
    2.9549002647399902e-05,
    2.9549002647399902e-05,
    2.9549002647399902e-05,
    2.9549002647399902e-05,
    2.9549002647399902e-05,
    2.9549002647399902e-05,
    2.9549002647399902e-05,
    2.9549002647399902e-05,
    2.9549002647399902e-05,
    4.443526268005371e-05,
    4.443526268005371e-05,
    4.443526268005371e-05,
    4.443526268005371e-05,
    4.443526268005371e-05,
    4.443526268005371e-05,
    4.443526268005371e-05,
    4.443526268005371e-05,
    4.443526268005371e-05,
    4.443526268005371e-05,
    4.443526268005371e-05,
    4.443526268005371e-05,
    4.443526268005371e-05,
    4.443526268005371e-05,
    4.443526268005371e-05,
    4.443526268005371e-05,
    3.3155083656311035e-05,
    3.3155083656311035e-05,
    3.3155083656311035e-05,
    3.3155083656311035e-05,
    3.3155083656311035e-05,
    3.3155083656311035e-05,
    3.3155083656311035e-05,
    3.3155083656311035e-05,
    3.3155083656311035e-05,
    3.3155083656311035e-05,
    3.3155083656311035e-05,
    3.3155083656311035e-05,
    3.3155083656311035e-05,
    3.3155083656311035e-05,
    3.3155083656311035e-05,
    3.3155083656311035e-05,
    3.039836883544922e-05,
    3.039836883544922e-05,
    3.039836883544922e-05,
    3.039836883544922e-05,
    3.039836883544922e-05,
    3.039836883544922e-05,
    3.039836883544922e-05,
    3.039836883544922e-05,
    3.039836883544922e-05,
    3.039836883544922e-05,
    3.039836883544922e-05,
    3.039836883544922e-05,
    3.039836883544922e-05,
    3.039836883544922e-05,
    3.039836883544922e-05,
    3.039836883544922e-05,
    3.869831562042236e-05,
    3.869831562042236e-05,
    3.869831562042236e-05,
    3.869831562042236e-05,
    3.869831562042236e-05,
    3.869831562042236e-05,
    3.869831562042236e-05,
    3.869831562042236e-05,
    3.869831562042236e-05,
    3.869831562042236e-05,
    3.869831562042236e-05,
    3.869831562042236e-05,
    3.869831562042236e-05,
    3.869831562042236e-05,
    3.869831562042236e-05,
    3.869831562042236e-05,
    3.4049153327941895e-05,
    3.4049153327941895e-05,
    3.4049153327941895e-05,
    3.4049153327941895e-05,
    3.4049153327941895e-05,
    3.4049153327941895e-05,
    3.4049153327941895e-05,
    3.4049153327941895e-05,
    3.4049153327941895e-05,
    3.4049153327941895e-05,
    3.4049153327941895e-05,
    3.4049153327941895e-05,
    3.4049153327941895e-05,
    3.4049153327941895e-05,
    3.4049153327941895e-05,
    3.4049153327941895e-05,
    3.1307339668273926e-05,
    3.1307339668273926e-05,
    3.1307339668273926e-05,
    3.1307339668273926e-05,
    3.1307339668273926e-05,
    3.1307339668273926e-05,
    3.1307339668273926e-05,
    3.1307339668273926e-05,
    3.1307339668273926e-05,
    3.1307339668273926e-05,
    3.1307339668273926e-05,
    3.1307339668273926e-05,
    3.1307339668273926e-05,
    3.1307339668273926e-05,
    3.1307339668273926e-05,
    3.1307339668273926e-05,
    3.1188130378723145e-05,
    3.1188130378723145e-05,
    3.1188130378723145e-05,
    3.1188130378723145e-05,
    3.1188130378723145e-05,
    3.1188130378723145e-05,
    3.1188130378723145e-05,
    3.1188130378723145e-05,
    3.1188130378723145e-05,
    3.1188130378723145e-05,
    3.1188130378723145e-05,
    3.1188130378723145e-05,
    3.1188130378723145e-05,
    3.1188130378723145e-05,
    3.1188130378723145e-05,
    3.1188130378723145e-05,
    3.0279159545898438e-05,
    3.0279159545898438e-05,
    3.0279159545898438e-05,
    3.0279159545898438e-05,
    3.0279159545898438e-05,
    3.0279159545898438e-05,
    3.0279159545898438e-05,
    3.0279159545898438e-05,
    3.0279159545898438e-05,
    3.0279159545898438e-05,
    3.0279159545898438e-05,
    3.0279159545898438e-05,
    3.0279159545898438e-05,
    3.0279159545898438e-05,
    3.0279159545898438e-05,
    3.0279159545898438e-05,
    3.5002827644348145e-05,
    3.5002827644348145e-05,
    3.5002827644348145e-05,
