{
  "top1": 0.542,
  "top3": 0.778,
  "precision": [
    0.6590909090909091,
    0.352112676056338,
    0.6,
    0.7142857142857143,
    0.6521739130434783,
    0.45454545454545453,
    0.5735294117647058,
    0.6666666666666666,
    1.0,
    0.5942028985507246
  ],
  "recall": [
    0.58,
    1.0,
    0.24,
    0.4,
    0.3,
    0.5,
    0.78,
    0.44,
    0.36,
    0.82
  ],
  "f1": [
    0.6170212765957447,
    0.5208333333333334,
    0.34285714285714286,
    0.5128205128205128,
    0.410958904109589,
    0.47619047619047616,
    0.6610169491525424,
    0.5301204819277109,
    0.5294117647058824,
    0.6890756302521008
  ],
  "confusion_matrix": [
    [
      29,
      15,
      1,
      1,
      0,
      2,
      1,
      1,
      0,
      0
    ],
    [
      0,
      50,
      0,
      0,
      0,
      0,
      0,
      0,
      0,
      0
    ],
    [
      2,
      15,
      12,
      2,
      1,
      6,
      10,
      0,
      0,
      2
    ],
    [
      6,
      9,
      1,
      20,
      2,
      1,
      2,
      1,
      0,
      8
    ],
    [
      4,
      9,
      0,
      0,
      15,
      10,
      5,
      0,
      0,
      7
    ],
    [
      2,
      8,
      2,
      1,
      1,
      25,
      5,
      3,
      0,
      3
    ],
    [
      0,
      6,
      1,
      0,
      0,
      3,
      39,
      0,
      0,
      1
    ],
    [
      0,
      18,
      1,
      2,
      1,
      0,
      3,
      22,
      0,
      3
    ],
    [
      1,
      5,
      1,
      2,
      3,
      8,
      3,
      5,
      18,
      4
    ],
    [
      0,
      7,
      1,
      0,
      0,
      0,
      0,
      1,
      0,
      41
    ]
  ],
  "inference_times": [
    0.0100393146276474,
    0.0100393146276474,
    0.0100393146276474,
    0.0100393146276474,
    0.0100393146276474,
    0.0100393146276474,
    0.0100393146276474,
    0.0100393146276474,
    0.0100393146276474,
    0.0100393146276474,
    0.0100393146276474,
    0.0100393146276474,
    0.0100393146276474,
    0.0100393146276474,
    0.0100393146276474,
    0.0100393146276474,
    4.272162914276123e-05,
    4.272162914276123e-05,
    4.272162914276123e-05,
    4.272162914276123e-05,
    4.272162914276123e-05,
    4.272162914276123e-05,
    4.272162914276123e-05,
    4.272162914276123e-05,
    4.272162914276123e-05,
    4.272162914276123e-05,
    4.272162914276123e-05,
    4.272162914276123e-05,
    4.272162914276123e-05,
    4.272162914276123e-05,
    4.272162914276123e-05,
    4.272162914276123e-05,
    3.7282705307006836e-05,
    3.7282705307006836e-05,
    3.7282705307006836e-05,
    3.7282705307006836e-05,
    3.7282705307006836e-05,
    3.7282705307006836e-05,
    3.7282705307006836e-05,
    3.7282705307006836e-05,
    3.7282705307006836e-05,
    3.7282705307006836e-05,
    3.7282705307006836e-05,
    3.7282705307006836e-05,
    3.7282705307006836e-05,
    3.7282705307006836e-05,
    3.7282705307006836e-05,
    3.7282705307006836e-05,
    3.552436828613281e-05,
    3.552436828613281e-05,
    3.552436828613281e-05,
    3.552436828613281e-05,
    3.552436828613281e-05,
    3.552436828613281e-05,
    3.552436828613281e-05,
    3.552436828613281e-05,
    3.552436828613281e-05,
    3.552436828613281e-05,
    3.552436828613281e-05,
    3.552436828613281e-05,
    3.552436828613281e-05,
    3.552436828613281e-05,
    3.552436828613281e-05,
    3.552436828613281e-05,
    3.750622272491455e-05,
    3.750622272491455e-05,
    3.750622272491455e-05,
    3.750622272491455e-05,
    3.750622272491455e-05,
    3.750622272491455e-05,
    3.750622272491455e-05,
    3.750622272491455e-05,
    3.750622272491455e-05,
    3.750622272491455e-05,
    3.750622272491455e-05,
    3.750622272491455e-05,
    3.750622272491455e-05,
    3.750622272491455e-05,
    3.750622272491455e-05,
    3.750622272491455e-05,
    3.218650817871094e-05,
    3.218650817871094e-05,
    3.218650817871094e-05,
    3.218650817871094e-05,
    3.218650817871094e-05,
    3.218650817871094e-05,
    3.218650817871094e-05,
    3.218650817871094e-05,
    3.218650817871094e-05,
    3.218650817871094e-05,
    3.218650817871094e-05,
    3.218650817871094e-05,
    3.218650817871094e-05,
    3.218650817871094e-05,
    3.218650817871094e-05,
    3.218650817871094e-05,
    3.4242868423461914e-05,
    3.4242868423461914e-05,
    3.4242868423461914e-05,
    3.4242868423461914e-05,
    3.4242868423461914e-05,
    3.4242868423461914e-05,
    3.4242868423461914e-05,
    3.4242868423461914e-05,
    3.4242868423461914e-05,
    3.4242868423461914e-05,
    3.4242868423461914e-05,
    3.4242868423461914e-05,
    3.4242868423461914e-05,
    3.4242868423461914e-05,
    3.4242868423461914e-05,
    3.4242868423461914e-05,
    3.542006015777588e-05,
    3.542006015777588e-05,
    3.542006015777588e-05,
    3.542006015777588e-05,
    3.542006015777588e-05,
    3.542006015777588e-05,
    3.542006015777588e-05,
    3.542006015777588e-05,
    3.542006015777588e-05,
    3.542006015777588e-05,
    3.542006015777588e-05,
    3.542006015777588e-05,
    3.542006015777588e-05,
    3.542006015777588e-05,
    3.542006015777588e-05,
    3.542006015777588e-05,
    3.489851951599121e-05,
    3.489851951599121e-05,
    3.489851951599121e-05,
    3.489851951599121e-05,
    3.489851951599121e-05,
    3.489851951599121e-05,
    3.489851951599121e-05,
    3.489851951599121e-05,
    3.489851951599121e-05,
    3.489851951599121e-05,
    3.489851951599121e-05,
    3.489851951599121e-05,
    3.489851951599121e-05,
    3.489851951599121e-05,
    3.489851951599121e-05,
    3.489851951599121e-05,
    3.235042095184326e-05,
    3.235042095184326e-05,
    3.235042095184326e-05,
    3.235042095184326e-05,
    3.235042095184326e-05,
    3.235042095184326e-05,
    3.235042095184326e-05,
    3.235042095184326e-05,
    3.235042095184326e-05,
    3.235042095184326e-05,
    3.235042095184326e-05,
    3.235042095184326e-05,
    3.235042095184326e-05,
    3.235042095184326e-05,
    3.235042095184326e-05,
    3.235042095184326e-05,
    3.1501054763793945e-05,
    3.1501054763793945e-05,
    3.1501054763793945e-05,
    3.1501054763793945e-05,
    3.1501054763793945e-05,
    3.1501054763793945e-05,
    3.1501054763793945e-05,
    3.1501054763793945e-05,
    3.1501054763793945e-05,
    3.1501054763793945e-05,
    3.1501054763793945e-05,
    3.1501054763793945e-05,
    3.1501054763793945e-05,
    3.1501054763793945e-05,
    3.1501054763793945e-05,
    3.1501054763793945e-05,
    2.9593706130981445e-05,
    2.9593706130981445e-05,
    2.9593706130981445e-05,
    2.9593706130981445e-05,
    2.9593706130981445e-05,
    2.9593706130981445e-05,
    2.9593706130981445e-05,
    2.9593706130981445e-05,
    2.9593706130981445e-05,
    2.9593706130981445e-05,
    2.9593706130981445e-05,
    2.9593706130981445e-05,
    2.9593706130981445e-05,
    2.9593706130981445e-05,
    2.9593706130981445e-05,
    2.9593706130981445e-05,
    4.0903687477111816e-05,
    4.0903687477111816e-05,
    4.0903687477111816e-05,
    4.0903687477111816e-05,
    4.0903687477111816e-05,
    4.0903687477111816e-05,
    4.0903687477111816e-05,
    4.0903687477111816e-05,
    4.0903687477111816e-05,
    4.0903687477111816e-05,
    4.0903687477111816e-05,
    4.0903687477111816e-05,
    4.0903687477111816e-05,
    4.0903687477111816e-05,
    4.0903687477111816e-05,
    4.0903687477111816e-05,
    4.3585896492004395e-05,
    4.3585896492004395e-05,
    4.3585896492004395e-05,
    4.3585896492004395e-05,
    4.3585896492004395e-05,
    4.3585896492004395e-05,
    4.3585896492004395e-05,
    4.3585896492004395e-05,
    4.3585896492004395e-05,
    4.3585896492004395e-05,
    4.3585896492004395e-05,
    4.3585896492004395e-05,
    4.3585896492004395e-05,
    4.3585896492004395e-05,
    4.3585896492004395e-05,
    4.3585896492004395e-05,
    3.1128525733947754e-05,
    3.1128525733947754e-05,
    3.1128525733947754e-05,
    3.1128525733947754e-05,
    3.1128525733947754e-05,
    3.1128525733947754e-05,
