{
  "model2d": {
    "top1": 0.542,
    "top3": 0.778,
    "avg_inference_time": 0.0003751406669616699
  },
  "model3d": {
    "top1": 0.758,
    "top3": 0.904,
    "avg_inference_time": 0.0005128474235534668
  }
}