model,top1,top3,avg_inference_time
model2d,0.542,0.778,0.0003751406669616699
model3d,0.758,0.904,0.0005128474235534668
